#{"t_start": 1754656415.784797, "env_id": "None"}
r,l,t
4.386323,6,10.14044
33.060789,22,10.160794
12.680068,19,10.177511
24.859673,21,10.195349
31.867431,36,10.226017
9.496819,15,10.23933
10.158991,9,10.24702
17.637133,27,10.270024
3.000399,6,10.275314
14.589028,13,10.286583
9.541359,18,10.30183
30.631766,29,10.327729
7.291778,13,10.339008
4.429332,6,10.344317
40.705412,45,10.382253
11.269839,21,10.399955
18.831775,27,10.422676
36.479002,43,10.459561
10.86373,14,10.471584
9.141348,10,10.480236
9.285668,13,10.491237
18.574787,16,10.504849
11.207869,7,10.510865
4.428275,12,10.521289
13.68179,14,10.533575
5.632039,20,10.550591
15.158906,18,10.565985
8.029799,10,10.574496
22.114662,21,10.592216
18.697688,14,10.60571
25.293422,22,10.625079
11.357053,14,10.637632
16.812266,10,10.6462
4.470484,14,10.658194
8.877944,18,10.673527
9.434612,9,10.681135
24.92565,25,10.702709
22.029581,28,10.726814
14.099557,32,10.754667
7.998541,13,10.765764
29.157432,36,10.796119
8.903467,9,10.803839
4.160042,14,10.81572
14.254974,18,10.831361
24.160051,25,10.852362
25.505812,38,10.884737
28.8095,29,10.909619
24.18701,52,10.956508
3.917863,8,10.963943
22.008225,26,10.986416
9.422908,16,11.000272
7.487974,25,11.021833
22.565255,21,11.040452
10.10999,13,11.051633
6.149011,10,11.06021
2.254441,5,11.064703
4.76189,8,11.071637
13.027368,22,11.090702
12.833979,16,11.104665
8.802676,7,11.110615
12.405643,8,11.117767
9.018191,18,11.133906
18.896795,18,11.149283
34.188431,36,11.181764
3.823231,6,11.187416
17.553692,25,11.209193
34.429131,35,11.239608
24.258777,25,11.260886
24.90998,28,11.285286
39.649317,40,11.319471
16.559985,23,11.33985
16.655196,12,11.350241
10.895998,23,11.370066
24.153347,14,11.382008
2.518915,6,11.387473
14.867267,31,11.414398
10.051599,8,11.421148
14.490629,23,11.441367
8.911822,13,11.452542
14.990661,22,11.471381
18.984731,24,11.492024
10.13037,18,11.507809
19.607049,12,11.518123
15.578538,24,11.539361
11.261671,17,11.554026
36.296778,44,11.591857
7.903245,10,11.600486
5.823288,8,11.607503
23.607212,20,11.624843
29.557064,35,11.655237
4.115646,12,11.666199
21.724495,26,11.688972
1.621034,4,11.692456
25.057361,30,11.718199
17.127505,23,11.738446
13.293866,24,11.759028
17.39212,18,11.774662
18.635842,26,11.796962
7.319535,24,11.818031
2.683977,6,11.823411
5.797138,10,11.831861
10.425256,18,11.847647
16.047787,17,11.862307
32.686204,31,11.889696
11.052615,11,11.899316
5.711493,17,12.844743
26.811221,27,12.867949
14.014913,14,12.87996
13.984757,17,12.894726
6.506242,13,12.906117
11.471659,19,12.922118
8.433441,18,12.93772
9.671427,11,12.947561
20.662668,19,12.96383
5.459891,7,12.969968
20.004425,28,12.9935
21.580644,15,13.006133
22.717567,22,13.024803
21.317519,38,13.057497
30.701083,25,13.078446
23.461156,21,13.096547
16.125948,15,13.109442
17.306237,22,13.128108
36.167279,29,13.153591
8.254297,10,13.163334
24.802578,27,13.186522
3.471446,5,13.19081
19.996781,20,13.207908
2.508218,5,13.212256
18.602547,18,13.228328
4.961818,16,13.242363
9.967184,10,13.250864
28.709775,35,13.280398
20.248588,37,13.311531
9.891089,10,13.320183
32.414673,38,13.352966
33.584301,42,13.388739
7.230617,16,13.402405
1.407947,8,13.409441
10.013893,27,13.432474
6.398598,9,13.440384
32.04378,24,13.462063
15.568158,12,13.472523
7.494329,12,13.483134
2.866997,5,13.487534
11.605096,21,13.505385
9.662487,7,13.511356
6.842362,14,13.523393
4.33413,13,13.534555
9.887889,17,13.549445
19.176848,21,13.567338
31.014345,29,13.591989
12.321026,16,13.60562
4.207133,14,13.617505
23.349386,16,13.631128
33.092111,42,13.667049
27.352081,32,13.69434
26.807842,28,13.718467
13.714955,22,13.737196
12.421498,22,13.756331
28.098333,25,13.777633
34.321671,28,13.801418
11.45115,31,13.827715
69.829389,63,13.881544
27.301852,40,13.915828
13.165333,16,13.929626
8.502481,14,13.941468
16.201603,19,13.958147
10.543646,12,13.968519
3.711654,6,13.973709
25.440031,43,14.009835
13.155962,8,14.016684
4.303568,13,14.027656
10.921719,7,14.033707
17.646656,16,14.047684
5.963911,8,14.054669
2.926944,5,14.058985
26.120662,32,14.086564
1.76252,5,14.091159
5.338881,7,14.097497
12.567838,14,14.109833
15.728928,16,14.123842
28.172102,22,14.142773
21.171455,13,14.15483
41.55044,42,14.191963
10.888127,18,14.207925
25.159867,30,14.234207
2.474057,6,14.239471
15.498459,22,14.258649
29.215111,42,14.294732
12.636897,14,14.306747
9.277164,10,14.31549
11.971537,21,14.333552
14.749657,12,14.34402
12.053102,15,14.357286
3.309615,6,14.362551
15.387926,17,14.37744
14.039107,23,14.397157
12.500128,18,14.412713
15.553829,19,14.429329
8.531844,9,14.43728
51.69625,42,14.473871
20.912103,15,14.486861
44.176311,41,14.521913
7.894243,8,14.528941
44.374407,43,14.566355
9.051317,12,14.577006
68.674072,64,15.574841
13.293705,17,15.589396
26.986669,30,15.615397
10.093485,12,15.625809
10.243495,14,15.63802
16.805678,15,15.651339
17.052698,16,15.665398
25.238108,25,15.687092
15.228301,16,15.70079
12.859087,21,15.718767
13.628409,14,15.73079
12.900547,10,15.739417
29.029901,28,15.763775
31.035704,21,15.781804
13.454888,25,15.803252
9.348807,20,15.820501
13.025578,23,15.840363
28.176432,26,15.86313
36.914828,33,15.892362
15.258751,30,15.917881
18.368774,19,15.934296
30.401992,28,15.958414
20.941146,15,15.970998
9.358129,18,15.986217
16.066377,19,16.00228
11.015177,12,16.012404
15.822879,12,16.022608
7.567794,15,16.035488
34.445799,32,16.06296
5.933429,14,16.074839
36.203954,25,16.096335
3.089794,5,16.10064
35.121454,40,16.134633
19.609399,11,16.144064
17.174253,25,16.167399
18.889933,22,16.186337
10.459938,13,16.19758
11.011587,13,16.208823
26.886281,19,16.225055
3.489338,6,16.230243
38.231038,29,16.255444
14.809491,14,16.267459
31.707799,32,16.294758
15.425065,27,16.317878
12.956311,28,16.341814
3.523215,6,16.347127
9.445396,19,16.363683
6.086898,8,16.370623
24.005018,21,16.388566
6.629951,18,16.403834
29.60963,22,16.422407
10.773657,18,16.437866
4.444891,14,16.44973
8.745825,15,16.462949
15.294817,21,16.481184
17.897618,25,16.502489
13.087427,16,16.516075
20.423888,16,16.529622
15.261139,32,16.557318
6.375066,9,16.565109
14.468004,15,16.577802
11.080868,16,16.591577
13.623207,21,16.609458
9.015346,9,16.61762
10.395139,10,16.626097
11.89732,29,16.650693
2.510412,6,16.656411
15.749365,21,16.674128
22.749364,21,16.691993
15.485111,19,16.708412
3.065005,6,16.713706
27.167765,37,16.745234
13.436913,13,16.756661
14.217481,12,16.766765
8.782618,6,16.771842
15.151188,21,16.789817
12.479926,25,16.810917
12.259389,22,16.829871
22.130895,25,16.851229
10.254473,14,16.863604
18.682028,18,16.878973
18.755735,17,16.893668
19.438602,16,16.907407
29.020302,27,16.930464
28.833177,39,16.964069
31.878648,36,16.994331
17.697965,22,17.013049
30.887845,19,17.029143
11.449811,8,17.035979
20.179117,26,17.058379
15.738459,21,17.076244
16.711605,15,17.089002
13.576064,20,17.106311
14.204333,17,17.120757
6.521891,12,17.131138
7.69969,10,17.139949
15.016067,12,17.150583
25.23763,43,17.188887
20.70528,30,17.214502
23.087891,27,17.237671
20.793944,16,17.251065
14.423133,19,17.267568
19.633735,22,17.286275
47.475857,35,18.24633
21.549168,16,18.259957
28.95477,30,18.285743
6.897268,16,18.299499
17.931471,22,18.318144
19.615873,19,18.334301
18.34898,24,18.355006
13.44182,9,18.36307
15.769611,12,18.373409
54.098143,58,18.423501
22.612761,31,18.450093
28.358852,29,18.475842
23.431558,18,18.491573
17.718516,24,18.51238
23.623078,33,18.540629
13.466332,14,18.552601
26.657073,37,18.585082
16.061037,28,18.609101
59.691355,41,18.644043
19.932876,31,18.671072
3.963747,7,18.677244
28.903021,17,18.691904
15.287236,15,18.70481
42.898996,54,18.750368
20.877383,23,18.770114
21.826191,19,18.786518
27.348929,36,18.817365
51.811039,53,18.86243
8.405325,11,18.872263
6.317652,21,18.890353
47.663162,44,18.928034
18.554146,23,18.947678
35.186698,30,18.973266
11.700314,10,18.981838
9.272865,22,19.000568
14.479825,25,19.022378
15.859236,19,19.038654
13.46058,16,19.052258
20.507982,17,19.06724
41.376589,38,19.099689
25.592751,24,19.120379
15.68745,22,19.13905
14.084314,27,19.163436
8.795785,12,19.173941
30.148351,18,19.189219
28.496513,28,19.212801
16.086245,31,19.239051
12.980119,18,19.254335
22.314401,27,19.277823
13.631044,14,19.289745
15.304804,22,19.308504
18.746253,34,19.337525
14.828452,33,19.365714
10.603279,17,19.380829
20.427905,19,19.397106
19.298514,35,19.426756
8.261503,24,19.447498
5.671466,9,19.455342
27.25222,27,19.478948
10.856705,18,19.494256
15.933518,17,19.508923
59.748595,58,19.558712
5.52303,10,19.567962
16.184888,26,19.590807
8.042649,20,19.607944
1.682365,12,19.618179
17.845605,14,19.630062
40.599431,28,19.653864
23.122672,32,19.681525
42.836455,51,19.725152
19.771638,17,19.739623
31.233444,26,19.76178
19.033004,26,19.784596
15.710589,23,19.804491
14.670093,26,19.829269
10.598755,11,19.838814
6.370353,13,19.849906
13.691647,13,19.861327
12.311262,18,19.877156
15.776799,15,19.890172
23.950368,32,19.918015
37.6902,27,19.940914
36.372451,38,19.973443
20.180191,19,19.989495
14.069856,15,20.002174
14.37614,14,20.950372
9.289578,12,20.960639
13.66998,24,20.981388
27.383391,37,21.012639
57.59144,48,21.054011
42.0648,40,21.088744
18.008524,21,21.106949
9.144786,14,21.118904
24.735942,37,21.15079
79.550792,66,21.208447
30.269637,22,21.227207
15.99975,22,21.245912
23.061702,23,21.265628
10.00644,11,21.275547
17.10348,20,21.292878
9.718322,10,21.301434
42.232483,23,21.32092
24.282221,33,21.349112
16.569752,21,21.367119
11.618542,10,21.376377
14.283601,11,21.385724
22.042572,31,21.411914
19.602008,27,21.434918
16.386635,21,21.452706
31.96921,25,21.47383
4.454715,14,21.486313
19.560035,21,21.503976
15.087504,16,21.517685
20.687638,24,21.538202
7.513486,9,21.54593
41.768751,39,21.579413
23.449682,28,21.603301
28.467017,31,21.629651
14.934816,30,21.655023
42.611962,51,21.698446
11.197326,13,21.709514
10.636202,19,21.725616
29.41657,27,21.749336
34.710324,33,21.78
28.303316,27,21.803586
8.235354,26,21.825937
9.704101,14,21.838288
17.639539,12,21.84882
16.23072,16,21.862612
10.41355,10,21.871255
28.307932,27,21.895101
9.666471,18,21.910713
28.902565,32,21.938115
16.083858,22,21.956779
14.914348,13,21.967871
23.217572,18,21.98362
42.602727,30,22.009104
8.559611,17,22.023707
11.558558,23,22.043513
17.015227,21,22.06134
26.917699,33,22.089606
10.681958,15,22.102516
26.687494,19,22.118882
22.633542,18,22.134277
20.805117,14,22.146286
13.876965,20,22.164504
34.96932,30,22.1904
35.973965,44,22.227934
11.445564,10,22.236482
11.409157,19,22.252865
31.324413,31,22.27952
15.383645,12,22.289721
34.967651,53,22.334656
31.333141,28,22.358435
15.889311,24,22.37908
17.629415,11,22.388865
26.524809,30,22.414513
25.086062,43,22.451163
18.712414,20,22.468327
15.071691,23,22.488235
9.99475,11,22.497743
20.154975,15,422.140756
21.471732,18,422.158402
10.203686,17,422.173256
27.358706,33,422.20181
30.550582,39,422.235637
29.121196,35,422.265724
8.368844,17,422.280431
28.612036,25,422.301976
44.922647,47,422.342745
13.032049,18,422.358239
33.285552,30,422.38391
26.271605,30,422.410191
14.173869,25,422.431514
34.451155,33,422.459956
3.228041,6,422.46518
9.384825,10,422.473816
19.578227,25,422.495163
17.748162,27,422.519174
18.121681,9,422.526919
43.402246,49,422.56878
30.867419,27,422.592122
17.575694,23,422.612489
23.694024,19,422.628846
22.049157,29,422.654201
17.457633,19,422.671423
58.610884,43,422.712731
16.742014,25,422.735428
4.853606,19,422.752656
24.985689,45,422.793132
4.763036,8,422.800469
3.557422,10,422.809283
5.91594,11,422.81971
14.183747,22,422.83936
24.522376,40,422.875925
39.376178,37,422.909538
14.236891,10,422.919121
14.988851,16,422.9335
8.611621,12,422.944218
7.229769,22,422.964134
22.258026,12,422.974879
49.428628,54,423.024076
22.219627,31,423.051879
23.872095,18,423.068132
27.660278,40,423.104217
15.042813,13,423.11703
20.994453,20,423.135149
10.401434,12,423.145932
40.343968,36,423.17803
10.347358,14,423.190721
14.426003,16,423.204888
24.609623,17,423.22084
12.820665,18,423.236758
19.213307,23,423.257367
26.447768,23,423.277965
5.218962,8,423.285214
8.42433,19,423.3023
26.591197,22,423.323249
24.737574,29,423.349336
31.349665,23,423.369955
11.050221,12,423.380695
11.377224,19,423.397409
11.96434,14,423.410083
27.583938,35,423.441757
19.54944,34,423.472216
34.57211,28,423.496924
30.27082,44,423.53634
61.557707,45,423.576441
4.765709,7,423.583338
21.280639,20,423.601088
11.554497,16,423.615961
25.610964,37,423.648389
16.095286,26,423.672774
11.756013,19,423.69093
24.014977,22,423.710679
8.831208,16,423.725391
32.459856,35,423.756624
20.770687,21,423.775656
10.538082,17,423.791083
17.502654,18,423.807083
12.592014,23,423.828161
42.542402,41,423.864478
14.175431,27,423.890009
12.436353,29,423.916439
20.588327,26,423.940868
13.902151,29,424.925068
23.707142,24,424.946674
46.252095,44,424.985929
11.174793,15,424.999698
10.958669,13,425.011518
13.03846,33,425.041909
25.529354,19,425.058867
14.027205,15,425.072678
17.383253,24,425.095902
16.944762,15,425.109141
9.817325,18,425.127234
19.575767,23,425.148116
21.495909,20,425.166145
27.931891,19,425.183384
21.047699,22,425.20321
20.688878,18,425.219221
14.410382,20,425.237785
25.616072,27,425.262433
12.267373,27,425.286753
18.348188,19,425.303926
16.364214,19,425.321136
29.411905,31,425.34882
13.095333,14,425.361366
22.109349,26,425.383902
12.255972,20,425.40122
19.252069,39,425.434815
14.507555,25,425.456332
4.335826,18,425.471882
37.285221,34,425.500818
14.660172,19,425.521078
55.148495,54,425.568172
15.899664,20,425.585584
19.065014,17,425.600722
21.549763,23,425.62128
14.990157,31,425.649002
60.998618,63,425.704007
10.956822,24,425.72477
21.098536,20,425.742785
18.97971,23,425.762632
40.383885,36,425.794671
11.398746,12,425.805111
21.183932,28,425.830583
5.521628,7,425.836658
24.100324,30,425.862649
23.982339,28,425.887399
14.344686,9,425.895375
4.40982,7,425.901587
21.668651,21,425.920125
13.427974,22,425.939873
6.904845,21,425.958015
32.237719,40,425.992702
3.869077,7,425.998867
35.482,28,426.023133
18.561799,19,426.040268
14.981825,11,426.04976
23.991723,28,426.073627
40.235843,50,426.11744
17.247208,12,426.128548
4.750603,13,426.14037
24.240232,34,426.169147
21.103511,35,426.199376
15.010991,28,426.223295
27.085212,34,426.252777
29.229714,25,426.274472
15.617045,24,426.295471
11.511027,21,426.313792
22.387121,18,426.329313
31.867999,18,426.345365
18.418329,19,426.361647
24.502202,21,426.379669
29.012175,33,426.407875
17.971585,17,426.422663
19.893942,12,426.433442
10.605208,21,426.451267
19.877079,10,426.459712
16.257217,13,426.47079
43.685656,33,426.498805
13.335088,16,426.512603
27.744811,34,426.542313
29.641302,20,426.559966
22.65002,33,426.588686
16.478753,27,426.61225
22.275521,17,426.627003
9.425555,9,426.635347
41.097156,49,426.6771
3.212958,6,426.682408
24.486023,30,426.707977
15.159431,29,427.678887
9.408404,19,427.695421
6.694869,24,427.716122
34.030739,33,427.745159
34.913549,26,427.767897
38.682122,35,427.798235
20.859048,23,427.819303
30.04967,34,427.848998
13.106516,17,427.863533
19.208563,15,427.87637
22.130253,40,427.910744
9.155581,15,427.923896
17.987507,28,427.948144
21.356093,22,427.967134
17.110647,27,427.990319
14.409121,18,428.00565
10.623639,11,428.015099
18.673609,25,428.036654
38.887126,31,428.06354
22.602531,13,428.074769
20.994099,23,428.094699
28.338027,39,428.129047
29.758752,26,428.15194
28.87104,14,428.164274
15.896033,23,428.185104
29.538274,36,428.216738
29.963367,30,428.242622
15.362055,11,428.252546
29.474409,21,428.270717
11.60929,17,428.285519
15.683568,11,428.295197
17.162809,32,428.322951
20.267583,31,428.350163
14.303415,21,428.368252
17.924854,28,428.392637
17.003698,19,428.408964
12.478572,18,428.424736
31.595667,34,428.45413
24.712061,24,428.474984
8.587351,22,428.4942
36.642297,28,428.518315
30.116709,35,428.548906
17.094506,19,428.565365
26.498969,22,428.5847
12.963554,19,428.60088
44.346512,28,428.625463
19.706245,23,428.645071
17.615767,30,428.671579
11.392982,15,428.684565
28.849318,19,428.701232
28.942321,27,428.724565
13.871149,14,428.736621
8.975522,14,428.749137
4.573138,16,428.763078
12.170417,19,428.779881
35.603831,32,428.80743
13.884354,23,428.828228
17.735943,14,428.840548
4.932428,19,428.857317
19.692596,47,428.898059
29.604011,26,428.920558
14.088291,9,428.92852
9.039175,14,428.940758
15.818689,20,428.958452
16.461778,15,428.97152
13.88785,26,428.993881
12.60649,16,429.007789
16.301874,19,429.024304
9.771626,20,429.041642
21.006796,17,429.056974
18.572223,25,429.078531
17.012452,12,429.089049
9.878812,20,429.10645
10.569199,8,429.113517
28.700095,34,429.14414
14.880777,18,429.160042
10.386627,20,429.177535
0.8975,13,429.188844
22.897342,29,429.213691
21.918573,22,429.232573
33.062447,33,429.261421
25.256332,25,429.283108
21.351257,19,429.299813
13.147255,13,429.311171
16.538712,22,429.330076
32.103615,26,429.35293
11.040506,16,429.366784
32.360534,41,429.402062
22.650057,40,429.436526
7.822155,20,429.454238
12.457136,14,430.412909
18.652707,17,430.427431
14.772608,20,430.44471
27.538164,32,430.472426
23.861285,23,430.492042
21.281061,25,430.513473
73.344583,56,430.56136
24.701599,22,430.580327
34.988646,38,430.618815
20.109725,21,430.636847
13.246431,24,430.657409
13.012265,21,430.676003
31.505757,21,430.694254
12.543973,16,430.708062
2.953736,16,430.722014
25.57021,24,430.74307
32.336226,36,430.77433
26.07875,29,430.79947
58.544426,66,430.856377
8.649617,9,430.864747
15.988456,24,430.885901
21.760705,24,430.906512
16.202739,31,430.932882
29.539627,46,430.972652
12.367324,22,430.992022
44.716387,35,431.022284
27.879553,29,431.047299
14.118643,11,431.056707
27.23294,22,431.07579
40.161477,42,431.111934
4.86448,13,431.126021
10.57349,16,431.139586
28.346288,31,431.166353
18.91497,20,431.184331
34.525426,25,431.205875
11.147091,12,431.216156
12.347904,23,431.235767
23.295747,32,431.263492
14.600265,10,431.272186
10.620894,22,431.290994
82.355256,77,431.356045
38.183032,25,431.37762
52.527286,60,431.428684
45.042907,55,431.47569
1.984064,11,431.485403
28.943762,22,431.5046
54.290852,42,431.540837
27.108971,21,431.558867
6.727163,13,431.570369
39.931759,26,431.592541
17.885858,22,431.611516
20.756185,14,431.623339
12.554118,28,431.647076
20.57874,16,431.660791
16.569005,12,431.671675
19.802696,10,431.680334
38.049674,42,431.716158
4.233116,17,431.730808
12.340677,12,431.741049
19.160848,28,431.76551
44.264235,34,431.794684
3.388429,18,431.80995
33.203942,34,431.83924
19.050534,12,431.849651
11.784874,11,431.859088
17.190511,24,431.879846
28.416457,49,431.924073
34.60624,28,431.947872
49.807275,36,431.97898
13.126934,12,431.98925
35.858275,48,432.029836
7.510757,12,432.040107
29.106124,31,432.067063
28.840222,33,432.095275
8.234655,16,432.109057
19.70533,27,432.133562
18.280303,25,432.154985
11.501705,21,432.173555
31.825132,27,433.151339
14.018507,19,433.168451
31.202783,29,433.195772
48.398947,49,433.243467
30.155212,22,433.262713
14.824327,15,433.277566
21.129442,17,433.29246
51.88274,59,433.344667
23.189764,29,433.3737
35.622953,36,433.40715
37.898322,41,433.444036
32.311897,43,433.48301
27.931561,22,433.502106
13.30348,19,433.519606
11.915777,12,433.530181
23.364084,32,433.558853
15.747603,19,433.576001
26.847153,27,433.60056
29.815282,35,433.631788
13.285648,17,433.650839
24.145162,27,433.674574
4.464848,6,433.680192
20.261494,22,433.700821
38.255102,50,433.744982
9.921122,16,433.758744
21.370793,18,433.776134
34.747279,34,433.806656
23.798649,27,433.830727
10.577177,27,433.859228
14.681066,17,433.873995
2.907292,10,433.884439
27.153028,21,433.903485
28.057196,37,433.936939
25.265145,28,433.962618
13.968818,16,433.976999
10.195508,30,434.004187
11.699372,9,434.012386
25.757458,25,434.03425
6.981381,23,434.055461
27.445775,27,434.080047
15.500855,31,434.107217
16.103706,15,434.122561
44.221289,55,434.172055
18.276919,30,434.198537
26.132672,20,434.217019
18.048433,27,434.245777
16.291278,19,434.262334
10.462882,29,434.289154
15.349145,17,434.303917
16.127184,19,434.322133
35.116797,21,434.340388
18.046072,15,434.353465
11.397884,15,434.367923
32.638587,43,434.4102
20.324962,21,434.428125
10.154775,20,434.446718
8.43778,12,434.457392
24.455932,20,434.474749
27.637897,31,434.503392
9.850964,13,434.514623
11.796321,14,434.528056
8.318921,16,434.543649
17.644381,15,434.558705
8.784387,14,434.572174
19.493151,19,434.588957
17.523574,22,434.609569
35.943625,47,434.651752
14.052057,28,434.681762
23.216139,21,434.700265
28.211721,30,434.727571
14.09394,16,434.741538
37.57866,30,434.768667
22.970133,20,434.786572
10.323104,21,435.00437
18.752289,22,435.024326
12.180207,26,435.05309
19.958071,19,435.069885
31.542478,26,435.095499
36.589415,35,435.128406
13.816328,30,435.157336
36.192077,44,435.198012
33.507723,27,435.222883
17.92103,16,436.255978
27.723026,31,436.284534
43.803066,40,436.321894
17.889707,38,436.357278
5.009208,11,436.367652
7.627971,17,436.383208
8.862634,14,436.396949
18.730268,36,436.430627
9.619291,20,436.448883
27.486648,22,436.469207
19.482208,20,436.486878
5.757927,13,436.499975
39.478036,28,436.525392
31.979567,30,436.553202
25.567832,21,436.572305
44.470633,53,436.621467
9.814904,19,436.639124
19.785544,31,436.667406
29.283143,21,436.686392
29.841032,25,436.710315
17.504823,22,436.730037
33.670624,36,436.761135
17.999322,27,436.784212
32.969036,26,436.807121
12.039725,13,436.818514
21.186824,17,436.83365
53.860825,53,436.878741
46.360174,35,436.909724
15.177505,25,436.931429
12.505519,19,436.947763
24.767829,23,436.967598
22.64038,14,436.979647
26.377818,24,437.000902
33.357675,32,437.028201
9.46197,11,437.037808
37.020843,45,437.075928
22.003249,21,437.094471
26.631963,27,437.1177
20.393858,17,437.132103
59.285936,64,437.186386
16.584872,20,437.204132
16.536139,13,437.215272
18.775273,15,437.228083
8.253378,9,437.236027
45.849298,34,437.264611
14.05568,18,437.279982
31.163836,32,437.307904
11.751181,24,437.328614
27.833822,28,437.352671
25.379662,34,437.381742
28.820509,22,437.401113
16.012533,25,437.422307
109.545348,102,437.509667
9.375949,22,437.528554
19.14146,20,437.54553
85.163454,64,437.600528
34.641214,22,437.619672
6.323656,7,437.625728
25.796456,28,437.649835
22.13562,26,437.672102
14.382208,24,437.693218
12.124334,17,437.708377
10.509897,17,437.724564
22.466895,42,437.76044
40.612867,42,437.797146
17.720494,23,437.816968
46.339886,33,437.84616
29.356566,22,437.865136
19.755441,9,437.872921
47.614718,48,437.914839
9.628115,16,437.928819
16.208344,18,437.944476
15.913557,16,437.958117
7.891615,17,437.972668
40.974057,42,438.009352
26.939841,39,438.043957
37.287661,37,439.005547
30.76919,24,439.026371
15.984675,21,439.044551
44.845048,54,439.09059
28.258888,16,439.104756
13.54202,22,439.123702
46.472548,61,439.17564
2.172637,14,439.187703
9.303645,16,439.201294
27.485235,17,439.216664
37.954319,37,439.24818
12.674683,8,439.255183
18.510499,27,439.279237
18.09736,18,439.294931
14.296858,20,439.312922
85.144498,112,439.412335
39.09904,51,439.456661
33.512046,36,439.487541
28.677194,26,439.510503
30.648303,37,439.542408
21.812763,28,439.566381
19.089973,19,439.582755
50.088517,43,439.619674
16.323441,26,439.641865
17.611374,21,439.659911
74.541456,72,439.723513
20.701892,22,439.742374
11.553491,10,439.751108
13.159194,22,439.769966
35.627215,32,439.796904
28.74446,48,439.838736
23.887408,28,439.86253
44.682182,48,439.903669
18.529697,31,439.930416
15.728126,14,439.942672
13.156399,21,439.960482
18.963983,28,439.984204
44.401291,36,440.014929
48.79983,56,440.062497
7.206065,12,440.072675
17.294445,32,440.101887
16.899264,12,440.112568
19.347133,12,440.122679
20.740107,24,440.143282
23.814058,18,440.158495
43.666513,35,440.188049
20.104824,30,440.214323
24.981382,35,440.244306
22.620965,15,440.257099
11.181026,22,440.275924
24.071461,18,440.291075
30.230758,26,440.313642
18.203617,29,440.338553
36.851525,30,440.364075
35.713312,39,440.396976
16.692814,21,440.415185
26.621829,16,440.42887
14.348118,17,440.443453
12.455663,19,440.459589
34.914102,31,440.485953
31.357394,29,440.510807
25.933895,21,440.529109
23.822517,29,440.553636
23.309335,27,440.576597
18.05865,22,440.595465
18.028431,19,440.61147
19.143646,20,440.628778
59.482014,85,440.701389
43.351817,28,440.726828
60.302616,53,441.717327
26.939322,24,441.739195
53.707786,48,441.784604
27.263318,25,441.808147
30.276329,44,441.847894
19.431752,18,441.864317
24.535752,23,441.884955
33.738585,39,441.920794
23.160116,31,441.948301
17.32125,14,441.960618
89.656653,85,442.036511
39.083903,29,442.062609
40.429704,43,442.100336
31.213216,38,442.134464
17.352345,30,442.160887
14.230206,26,442.184247
20.899209,22,442.203894
20.87936,41,442.240531
19.630627,23,442.260851
25.925842,37,442.293817
93.396427,99,442.382967
33.851705,44,442.422607
28.990513,21,442.441357
18.410364,14,442.453949
11.953458,18,442.469801
22.323275,13,442.481247
36.111313,23,442.50164
22.797001,23,442.522538
18.034394,25,442.544971
17.603268,29,442.570842
33.690159,44,442.609839
32.452203,24,442.631497
22.351443,24,442.652725
7.162931,17,442.667932
28.327206,29,442.693751
12.609817,10,442.702655
18.048995,34,442.734365
22.964444,24,442.755532
14.411002,18,442.771491
27.076487,41,442.80897
12.756097,19,442.826538
20.40089,31,442.854311
54.284576,53,442.901236
25.859536,33,442.93041
8.4191,25,442.952154
29.308023,35,442.982503
14.365795,15,442.995688
6.845098,23,443.015962
43.901873,60,443.068174
14.176529,21,443.086429
38.326984,61,443.139925
53.028476,53,443.188605
50.1833,63,443.248618
24.361435,22,443.272994
23.444099,16,443.290529
15.871851,19,443.311268
68.263503,62,443.367838
11.520078,14,443.380399
17.219258,19,443.397323
28.989701,35,443.429059
22.207978,27,443.452983
39.272597,33,443.482032
24.713648,23,443.502584
25.615902,27,443.526517
27.768244,45,444.531028
35.023714,27,444.555745
31.466129,30,444.583171
9.927919,19,444.601097
30.976815,21,444.620309
15.191736,30,444.647753
25.689978,32,444.677572
56.69347,72,444.743531
42.513438,43,444.78143
33.543952,30,444.808141
38.231719,30,444.834599
29.601426,33,444.864608
24.912427,27,444.890622
27.057168,21,444.909851
41.35835,61,444.964677
17.381412,16,444.978979
35.845596,39,445.013492
34.475013,48,445.056129
15.358929,20,445.073884
23.897147,25,445.097617
33.097102,40,445.132531
43.079008,31,445.160387
75.646088,73,445.224075
6.622121,7,445.230257
29.181371,21,445.249096
41.999501,38,445.282345
51.266147,54,445.330104
86.570533,77,445.397772
34.645138,24,445.418884
26.309079,22,445.438099
48.481551,51,445.48802
81.119773,98,445.574499
20.62514,33,445.603844
18.030122,27,445.62767
28.030902,24,445.64922
21.882688,18,445.66488
22.666696,28,445.689545
5.754403,17,445.704382
24.958798,24,445.731103
36.511685,37,445.768027
18.660236,24,445.79145
23.34417,23,445.813882
7.365635,13,445.82639
39.019465,34,445.861777
26.466916,32,445.893737
2.296931,12,445.905941
43.072382,50,445.955974
16.405038,13,445.968814
71.933461,56,446.023345
123.06604,118,446.139125
40.034754,38,446.176502
25.189189,18,446.194291
28.48399,55,446.248573
0.406103,9,446.257538
6.965302,9,446.26614
33.110637,27,446.294514
81.482534,75,446.364241
37.162434,33,446.393225
40.717168,67,447.400186
36.166529,46,447.440062
88.917361,109,447.534703
9.934711,17,447.549512
52.607784,64,447.605757
57.996938,68,447.66508
15.959552,20,447.683632
15.468032,24,447.70546
49.816518,40,447.740775
23.062209,22,447.761054
17.036664,26,447.783949
17.362777,23,447.804049
61.380846,59,447.85721
54.653491,52,447.902801
14.280612,10,447.91168
24.285466,29,447.938215
36.637002,63,447.994033
35.806153,42,448.030666
12.059801,22,448.050012
25.586991,25,448.072472
21.301865,28,448.097274
17.741986,20,448.115052
69.676672,74,448.179645
9.051425,12,448.190372
26.717418,22,448.209911
19.620632,17,448.225299
68.31264,62,448.279852
26.882023,19,448.296459
6.702611,14,448.308611
86.005802,96,448.394259
12.855689,20,448.41168
55.757583,37,448.444115
72.807731,87,448.520456
78.864724,94,448.602522
28.61205,42,448.639215
46.719732,53,448.686034
75.957504,69,449.105085
12.751395,20,449.122888
77.671649,136,449.242372
19.559679,23,449.262853
8.358745,17,449.277722
85.504615,98,449.366321
85.192339,100,449.453841
21.957236,29,449.479625
24.819864,24,449.500591
93.786172,99,450.541236
37.473795,52,450.586988
28.403341,23,450.60732
61.855762,81,450.678992
7.78677,11,450.688642
47.153657,61,450.741933
111.007434,150,450.875786
23.680742,21,450.895953
44.917239,53,450.943696
57.155798,63,450.999873
27.860524,54,451.047498
12.025423,14,451.059779
107.10299,75,451.126309
12.32832,19,451.142956
18.105982,16,451.156918
37.038641,39,451.1912
27.222271,23,451.211524
30.441056,21,451.229894
50.174922,60,451.282308
99.60404,124,451.392988
16.339636,20,451.41062
87.54532,97,451.495393
25.721252,28,451.519699
31.639955,26,451.542231
25.613906,18,451.55817
34.782427,35,451.589486
33.104861,25,451.611879
47.232522,38,451.64513
33.518298,34,451.675443
36.863856,62,451.729584
15.070968,19,451.746688
61.49184,45,451.786481
29.858985,13,451.798037
24.875383,23,451.818493
19.830067,15,451.832137
18.487691,24,451.853621
24.108767,24,451.87585
106.516248,95,451.959547
45.391023,34,451.98967
15.547004,11,451.999597
20.406525,17,452.014728
31.691658,33,452.044163
55.617553,42,452.081728
41.334909,32,452.110251
29.702819,30,452.136706
53.942758,46,452.177397
23.047443,20,452.195304
15.516571,27,452.219284
22.28475,36,452.250833
34.800918,22,452.270432
111.220366,118,453.340999
120.94058,152,453.477844
16.922319,15,453.492614
109.322448,134,453.612944
20.489507,19,453.63002
51.103422,56,453.680329
114.602863,123,453.789778
38.062821,37,453.822266
47.243432,46,453.863332
33.826372,29,453.89023
16.380865,16,453.904425
13.660054,14,453.917076
31.690134,38,453.950225
38.517533,40,453.98555
11.348082,16,454.000188
80.539713,74,454.065423
43.619139,60,454.118873
23.447291,17,454.133871
40.051018,48,454.176415
70.30083,66,454.235403
17.204638,20,454.253207
101.778777,86,454.331174
30.642821,29,454.356758
30.665923,22,454.37612
67.622778,57,454.426638
26.214384,25,454.448448
18.352121,33,454.477518
59.168759,58,454.529855
45.704874,43,454.567997
71.009985,62,454.623047
56.428337,100,454.712499
48.07217,42,454.749252
82.307388,93,454.832775
53.700487,55,454.883852
12.479079,22,454.904178
71.284001,67,454.964465
15.776202,27,454.988844
43.442318,41,455.025744
34.626061,30,455.053223
95.822097,101,456.107126
47.507932,43,456.145146
48.450926,53,456.191467
10.951385,21,456.21033
13.006798,24,456.23159
8.818824,17,456.246975
88.732496,108,456.344403
28.422498,36,456.376195
80.274463,85,456.45178
24.441829,35,456.482817
115.916261,127,456.595395
75.660254,68,456.655299
76.789477,78,456.725048
29.255933,34,456.755136
38.700059,48,456.797618
92.207039,91,456.878434
20.126996,27,456.903721
21.278397,32,456.93277
11.449345,29,456.958444
70.769091,60,457.011708
100.481643,108,457.107808
138.013622,142,457.232782
18.335457,23,457.253164
25.79076,29,457.278777
33.045841,34,457.309175
12.974877,17,457.325684
38.513636,52,457.371623
21.543107,25,457.394341
15.100636,20,457.412285
27.264428,43,457.449968
43.989413,24,457.471015
23.538657,22,457.490459
9.644199,18,457.506415
27.579746,28,457.531921
8.477317,18,457.547922
46.207144,41,457.585587
172.632914,177,457.742113
60.587904,54,457.789668
93.191145,86,457.866753
255.026295,257,459.064553
151.316388,194,459.237556
42.16365,59,459.289817
72.717977,64,459.348645
92.017729,102,459.440459
9.13587,25,459.462659
30.606643,16,459.477136
35.260901,57,459.529505
11.069462,19,459.546729
19.180272,17,459.561865
57.615507,48,459.604367
8.566118,15,459.617822
165.311089,186,459.782793
91.067532,92,459.864395
14.154712,15,459.878214
8.919124,18,459.894853
45.972932,42,459.933126
16.70298,30,459.959607
57.689786,53,460.006027
99.460476,89,460.084119
19.579992,18,460.101283
39.243576,23,460.122132
7.640715,14,460.135205
13.01236,27,460.158769
23.342001,20,460.176307
33.333026,33,460.20511
180.184768,152,460.340244
74.892273,94,460.422608
26.938357,23,460.4432
36.635773,40,460.478598
114.317724,108,460.573179
43.014353,53,460.620026
310.981743,305,461.851395
174.212118,161,461.99416
15.773944,23,462.014507
24.851005,26,462.037559
137.082125,140,462.161303
223.618704,210,462.348192
55.362347,56,462.397488
17.438752,23,462.417896
52.484491,60,462.472201
23.12567,19,462.488991
107.256374,125,462.599298
347.443469,312,618.999163
167.632351,174,619.148796
24.100376,20,619.166605
68.928505,81,619.237355
351.884795,362,620.499725
61.916295,63,620.554912
66.378388,58,620.606338
59.17985,89,620.686999
113.03317,118,620.791499
12.332602,21,620.810429
26.081997,51,620.856231
110.105748,94,620.941057
163.302572,167,621.095862
57.423567,72,621.162578
13.952419,26,621.19106
45.675549,54,621.238667
90.581173,118,621.345038
23.666441,38,621.379969
54.60207,59,621.432076
105.456865,121,621.540602
93.198546,89,621.620008
59.964004,50,621.666112
14.272986,13,621.678957
62.89247,45,621.719253
19.776759,20,621.737192
13.429286,15,621.750617
26.331346,34,621.782686
17.383578,14,621.7963
22.815504,12,621.807119
29.108039,30,621.834766
91.839686,103,621.932706
235.87568,256,622.160172
29.813157,41,622.196665
7.140239,10,622.205719
78.807448,100,622.295456
51.084245,59,622.347955
53.004318,54,623.389975
111.04651,112,623.489656
47.972765,47,623.5318
82.043917,100,623.620737
95.354923,116,623.752057
32.753426,23,623.774526
95.368806,83,623.855466
24.960466,17,623.871897
72.154988,75,623.94483
25.693179,17,623.961685
61.955755,69,624.028553
50.509421,46,624.072201
61.429559,96,624.165079
166.189127,182,624.342077
191.796102,216,624.535975
8.5631,19,624.553253
22.181103,17,624.568214
179.515579,225,624.768787
98.710045,127,624.881769
83.202116,95,624.97282
18.373295,22,624.993091
160.80434,224,625.199008
35.252758,19,625.217354
50.077755,54,626.267901
38.272687,30,626.294777
44.833854,41,626.331004
289.496295,351,626.643898
146.081439,160,626.785589
47.165174,43,626.82423
79.080311,91,626.905586
216.341713,238,627.117122
11.950104,18,627.133073
66.098768,71,627.197996
61.375036,59,627.251112
52.472256,51,627.296448
120.857548,129,627.411448
18.874112,18,627.427756
84.23091,107,627.524558
77.752668,70,627.587103
121.031608,130,627.702623
52.300558,67,627.763078
412.67566,412,629.082689
79.456268,72,629.149476
124.943453,160,629.298729
21.243206,28,629.324838
275.459205,298,629.599572
19.603639,15,629.613924
57.129053,58,629.667375
17.791289,14,629.680308
222.928847,206,629.872555
48.646213,45,629.91451
469.164789,567,630.439417
109.646583,120,630.5488
236.490791,263,630.790743
67.853558,55,630.842086
32.427119,40,630.878129
542.247035,582,632.407446
436.618206,514,632.861825
765.334807,762,2217.829164
60.334878,85,2217.904124
40.443231,53,2217.950596
106.364263,131,2218.997997
48.426294,70,2219.061951
16.528975,17,2219.078173
284.507898,295,2219.34068
17.850495,36,2219.372026
13.569229,18,2219.388103
157.285099,164,2219.532845
30.559797,30,2219.559062
90.208183,121,2219.665271
139.327109,143,2219.791038
116.041726,146,2219.919631
228.545347,227,2220.119426
604.008909,688,2220.722626
84.294756,82,2221.741527
80.298295,98,2221.82881
23.520675,24,2221.850319
695.476773,716,2222.506291
368.463799,392,2222.856743
964.243954,1000,2224.711849
768.654811,791,2225.43577
146.967934,150,2225.570927
234.979786,246,2225.789871
132.035632,127,2225.904122
571.055116,575,2227.373625
410.339816,388,2227.71833
143.177817,140,2227.842859
233.629816,252,2228.070021
401.333796,468,2228.488063
956.689059,1000,2230.338269
471.032564,525,2230.811245
135.479124,175,2271.284401
225.177262,254,2271.510613
49.403934,55,2271.558823
584.977139,623,2272.116777
28.378212,18,2272.132763
568.625724,584,2272.647049
722.524319,736,2274.259622
52.797858,57,2274.309966
865.385759,1000,2275.193727
373.357271,393,2275.539964
38.095182,31,2275.566685
65.859733,73,2275.631128
722.070186,733,2277.236424
394.945527,414,2277.591804
711.592031,772,2278.256819
962.752694,1000,2280.056191
192.682216,246,2280.270658
135.469666,138,2280.389596
249.740977,277,2280.631731
367.635795,350,2280.937163
83.620355,83,2281.009098
13.994431,28,2281.034674
887.715967,1000,2282.818806
860.45037,1000,2551.254445
402.316859,450,2552.563779
258.757892,262,2552.79201
89.250401,94,2552.872492
272.495663,218,2553.059195
230.671067,268,2553.288428
393.070391,453,2553.67752
861.04559,816,2555.334292
742.762522,771,2556.031597
582.949455,585,2556.55297
940.396821,1000,2558.333455
120.218527,115,2558.431887
284.005756,333,2558.718522
76.557893,69,2558.780407
114.593463,122,2558.886341
295.213146,330,2559.167293
766.759805,726,2560.717629
276.656633,273,2560.950313
115.074485,124,2561.055785
42.176735,47,2561.09584
121.326044,134,2561.209712
937.876968,1000,2562.073005
437.64729,402,2563.341522
924.363899,932,2564.143852
103.251267,115,2564.243744
29.91854,44,2564.283586
95.82067,110,2564.378128
255.107286,295,2673.49006
619.866365,590,2674.968662
18.535872,18,2674.985379
989.038199,1000,2675.863104
123.450174,136,2675.98023
1031.547023,1000,2677.792387
927.661705,1000,2678.676249
242.957732,287,2678.932711
1028.579095,1000,2680.785659
24.591512,21,2680.804925
1027.600799,1000,2681.695623
444.262634,454,2683.035774
81.467747,75,2683.104019
183.269938,162,2683.248451
24.65586,27,2683.27204
932.222984,950,2684.126837
26.43779,25,2684.149432
877.809174,942,2685.930388
1029.528917,1000,2686.839676
18.982405,18,2686.857036
675.719204,679,2914.56205
4.145843,9,2914.570784
489.408474,518,2915.94187
263.171068,311,2916.211499
176.074989,166,2916.355759
30.333666,26,2916.378096
462.612369,460,2916.776548
1078.504609,1000,2918.602482
26.731789,26,2918.626066
284.717682,288,2918.888021
1023.626618,1000,2919.786558
908.037748,1000,2921.680858
976.339673,1000,2922.598135
1049.562982,1000,2924.415714
1011.016727,1000,2925.274774
957.466504,1000,2927.074491
963.544299,1000,3171.038254
68.442878,68,3171.099759
206.697135,189,3171.269278
1030.627541,1000,3173.089123
963.204841,1000,3173.980772
424.277954,375,3174.316287
199.769807,171,3175.420604
305.981357,300,3175.689133
977.634375,1000,3176.595201
17.144154,15,3176.608924
962.707617,1000,3178.450532
1003.564624,1000,3179.323526
257.9776,215,3179.510397
1040.995834,1000,3181.348006
1030.419852,1000,3182.220343
1043.388314,1000,3184.033039
260.693085,230,3184.232789
1034.758958,1000,3380.980278
1003.859483,1000,3382.791386
1049.36698,1000,3383.657244
699.61819,696,3385.228831
989.088494,1000,3386.135623
952.329031,1000,3387.94125
407.36378,376,3388.267868
10.826748,12,3388.278164
1104.233727,1000,3389.147283
1019.517749,1000,3390.979803
311.954635,340,3391.284796
911.323679,1000,3392.191619
1129.782637,1000,3548.51928
815.063371,788,3549.275749
1043.229819,1000,3551.258158
1139.604095,1000,3552.177497
807.332241,676,3553.77869
969.866595,935,3554.700833
1009.064556,1000,3556.645332
258.82607,214,3556.838653
1041.922019,1000,3557.763948
1183.720707,1000,3559.633324
1120.795685,1000,3560.519116
766.623619,757,3562.186468
1099.448448,1000,3654.500786
586.960483,489,3654.922897
1104.919315,1000,3656.740272
1093.932642,1000,3657.615079
1138.872138,1000,3659.459971
697.864018,604,3659.982011
1112.279731,1000,3660.862545
1069.600127,1000,3662.689453
423.908692,406,3663.039352
895.596186,740,3664.595453
718.328141,644,3665.170405
1156.255524,1000,3666.060258
1138.088188,1000,3849.959191
1079.744172,1000,3850.842136
1052.182838,1000,3852.697472
210.364603,178,3852.856575
318.110159,330,3853.151422
1102.805691,1000,3855.007889
1153.934914,1000,3855.908819
705.90439,652,3856.488326
585.920965,567,3857.940612
1182.980235,1000,3858.809256
90.44107,87,3858.884878
528.47071,466,3859.286509
1097.901117,1000,3861.113219
19.00084,25,3861.135484
28.285253,29,3861.161138
188.04228,190,3861.33109
692.217837,641,3861.907573
889.040401,823,3908.23676
1165.688907,1000,3909.132898
1088.067624,1000,3910.930514
1071.739817,1000,3911.79274
1017.211327,931,3913.547521
775.445603,611,3914.072987
1017.535503,830,3914.783929
501.477282,459,3916.133502
1109.237254,1000,3917.004813
1216.519896,1000,3918.820473
1072.504045,1000,3919.67959
1173.455533,1000,3996.158777
625.690819,474,3996.569605
1142.681319,1000,3997.432771
1087.602404,1000,3999.245303
648.507006,480,3999.659683
1213.984881,1000,4000.527928
813.863833,658,4002.036225
16.416996,19,4002.052581
1229.743507,1000,4002.913563
1126.738152,1000,4004.72179
1129.976966,1000,4005.603453
1203.642486,1000,4007.412808
1194.056978,1000,4055.084464
647.771597,512,4055.523908
1262.486903,1000,4057.337047
43.776785,20,4057.354368
1001.723739,820,4058.059997
1253.70881,1000,4059.853416
421.227606,316,4060.126904
1191.430071,1000,4060.989319
1255.356824,1000,4062.774968
1003.030346,798,4063.466586
216.289878,168,4063.610302
330.01492,287,4064.788651
1299.284248,1000,4065.654921
106.749214,73,4065.718036
489.326584,406,4066.084159
297.331565,246,4066.306109
44.281501,51,4066.35029
835.780857,677,4067.855474
241.369152,183,4068.012813
1268.836669,972,4171.320936
661.446917,532,4172.720153
1310.284639,1000,4173.594205
1270.289898,1000,4175.404391
38.536897,40,4175.439301
587.399205,459,4175.838186
577.402305,467,4176.243523
223.116804,206,4176.421602
1146.025925,940,4178.167421
1272.794984,1000,4179.038699
71.244031,74,4179.102819
645.557124,496,4179.532024
1242.794577,1000,4181.316337
846.626626,631,4181.867826
1248.531183,1000,4183.653562
904.753714,711,4308.249649
454.508966,383,4308.583069
66.477606,59,4308.635424
137.169028,101,4308.723511
469.926056,388,4309.064807
90.982272,71,4310.084022
1312.42983,1000,4310.954846
1280.068985,1000,4311.828821
1417.006002,1000,4313.63244
444.990999,325,4313.912413
117.791708,85,4313.986315
56.227056,49,4314.030067
179.64192,148,4314.15821
1240.446506,1000,4315.958565
1245.239712,983,4316.833411
21.564218,21,4316.851767
749.762341,595,4318.296525
1330.603746,1000,4319.160506
542.020168,413,4319.538242
1280.568553,1000,4321.340591
55.180533,49,4321.382877
1249.37476,1000,4359.618575
289.470698,254,4359.842583
658.995067,471,4361.190285
16.60236,17,4361.205005
1285.152641,1000,4362.066824
256.329201,189,4362.23049
1335.462662,956,4364.001039
507.466522,373,4364.333824
1281.219177,983,4365.18282
57.15775,41,4365.218067
257.211266,231,4365.4182
830.338911,567,4366.836484
1281.06925,1000,4367.710938
856.720236,646,4369.196964
793.035522,579,4369.696478
1268.077871,1000,4370.560807
995.267465,775,4372.172422
145.766508,124,4372.280688
729.032126,527,4383.369611
454.682793,295,4383.635341
63.163167,44,4383.674724
13.006517,19,4383.69301
589.542413,426,4384.079003
31.137534,24,4384.100873
642.15351,484,4385.497802
26.550981,22,4385.517807
107.884215,93,4385.599717
63.517028,46,4385.641084
389.656297,285,4385.897758
962.499542,678,4386.512683
950.986673,626,4387.079785
489.641311,379,4388.368171
14.768618,19,4388.385415
585.454862,396,4388.73957
459.901227,309,4389.013991
40.238039,40,4389.049355
953.071359,713,4389.67972
791.348962,536,4391.122483
1026.884477,739,4391.771618
1378.651223,1000,4392.650792
1382.244083,1000,4394.486443
1419.718243,1000,4395.3545
1418.446194,1000,4410.843038
59.054152,57,4410.892871
798.241651,594,4411.405503
1309.479005,939,4413.183308
763.885787,563,4413.670472
1331.937644,1000,4414.541891
378.485529,268,4415.716383
650.346049,454,4416.10922
1075.360499,774,4416.774892
133.122386,95,4416.858637
1476.697729,1000,4418.649638
266.784648,202,4418.829486
58.887303,54,4418.877336
1498.15708,1000,4419.73669
1421.380654,1000,4421.530353
1296.323666,924,4422.354975
1417.733472,1000,4439.379819
1389.710039,1000,4440.241203
1445.488363,1000,4442.058899
1400.253367,1000,4442.926196
1101.370381,846,4444.604656
24.881437,32,4444.632177
1379.706863,1000,4445.505397
250.651484,200,4445.67841
1291.105443,903,4447.416839
321.393009,243,4447.628151
514.675205,345,4447.935682
1024.662412,727,4448.562467
158.160277,101,4448.649216
39.461463,33,4448.67739
1443.079003,1000,4450.469038
169.946693,133,4450.583819
933.545165,704,4451.207874
1376.050027,1000,4473.36052
494.764128,401,4473.709468
1436.230966,1000,4474.582909
1538.372819,1000,4476.41134
1399.727843,1000,4477.304157
1208.689102,832,4478.979986
1469.192902,1000,4479.865037
1470.433328,1000,4481.673281
1454.550466,970,4482.535194
1408.885371,1000,4484.378911
197.915249,140,4484.503436
868.470734,646,4485.075399
188.632387,139,4485.196903
1476.957587,1000,4528.533254
1364.333276,1000,4529.428005
1449.640453,1000,4531.289761
1477.23065,1000,4532.190119
23.016758,26,4532.213809
1401.361608,1000,4534.055598
1567.578948,1000,4534.961815
237.172056,178,4535.121802
37.202831,31,4535.149786
963.349727,627,4536.7384
1550.466167,1000,4537.625647
1501.677059,1000,4539.434405
1474.51116,1000,4540.318014
947.184625,625,4597.371674
